Customer,Frequency,Monetary,Recency,R_Score,F_Score,M_Score,RFM_Score,RFM_Score_Total,Segment
11000,1,90000,3936,4,1,5,415,10,Potential Loyalist
11047,1,30000,11992,1,1,1,111,3,Lost
11061,1,70000,2558,4,1,4,414,9,Potential Loyalist
11090,1,90000,2591,4,1,5,415,10,Potential Loyalist
11116,1,70000,4626,4,1,4,414,9,Potential Loyalist
11139,1,30000,9959,1,1,1,111,3,Lost
11143,1,40000,6269,3,1,2,312,6,Other
11147,1,60000,1253,5,1,3,513,9,Potential Loyalist
11149,1,40000,1943,5,1,2,512,8,Promising
11165,1,60000,9635,1,1,3,113,5,Lost
11199,1,70000,4520,4,1,4,414,9,Potential Loyalist
11200,1,70000,9653,1,1,4,114,6,Lost
11219,1,60000,915,5,1,3,513,9,Potential Loyalist
11225,1,60000,7598,2,1,3,213,6,Lost
11233,1,70000,335,5,1,4,514,10,Potential Loyalist
11249,1,130000,9933,1,1,5,115,7,Lost
11255,1,70000,1899,5,1,4,514,10,Potential Loyalist
11259,1,100000,8010,2,1,5,215,8,Lost
11262,1,80000,11437,1,1,4,114,6,Lost
11269,1,130000,7401,2,1,5,215,8,Lost
11270,1,130000,3355,4,1,5,415,10,Potential Loyalist
11275,1,80000,8713,2,1,4,214,7,Lost
11287,1,70000,2920,4,1,4,414,9,Potential Loyalist
11292,1,150000,11908,1,1,5,115,7,Lost
11303,1,90000,10246,1,1,5,115,7,Lost
11340,1,10000,7034,3,1,1,311,5,Other
11378,1,10000,5172,3,1,1,311,5,Other
11381,1,20000,3690,4,1,1,411,6,Promising
11383,1,30000,2216,5,1,1,511,7,Promising
11386,1,30000,1752,5,1,1,511,7,Promising
11415,1,90000,1624,5,1,5,515,11,Potential Loyalist
11434,1,170000,4667,4,1,5,415,10,Potential Loyalist
11451,1,70000,6008,3,1,4,314,8,Other
11453,1,80000,9094,2,1,4,214,7,Lost
11489,1,20000,3585,4,1,1,411,6,Promising
11538,1,60000,10742,1,1,3,113,5,Lost
11540,1,60000,11866,1,1,3,113,5,Lost
11555,1,40000,11204,1,1,2,112,4,Lost
11576,1,30000,3084,4,1,1,411,6,Promising
11585,1,40000,6246,3,1,2,312,6,Other
11619,1,50000,7721,2,1,3,213,6,Lost
11622,1,50000,9373,2,1,3,213,6,Lost
11641,1,50000,3741,4,1,3,413,8,Potential Loyalist
11644,1,40000,2481,4,1,2,412,7,Promising
11663,1,70000,10211,1,1,4,114,6,Lost
11669,1,70000,5791,3,1,4,314,8,Other
11699,1,60000,11441,1,1,3,113,5,Lost
11734,1,60000,6099,3,1,3,313,7,Other
11738,1,60000,8726,2,1,3,213,6,Lost
11745,1,60000,9346,2,1,3,213,6,Lost
11783,1,60000,8259,2,1,3,213,6,Lost
11788,1,70000,4708,4,1,4,414,9,Potential Loyalist
11801,1,60000,10281,1,1,3,113,5,Lost
11807,1,70000,11955,1,1,4,114,6,Lost
11809,1,60000,2985,4,1,3,413,8,Potential Loyalist
11817,1,70000,11969,1,1,4,114,6,Lost
11823,1,70000,10557,1,1,4,114,6,Lost
11886,1,60000,8252,2,1,3,213,6,Lost
11890,1,70000,11725,1,1,4,114,6,Lost
11896,1,100000,7404,2,1,5,215,8,Lost
11897,1,60000,8296,2,1,3,213,6,Lost
11935,1,30000,9235,2,1,1,211,4,Lost
11941,1,60000,9058,2,1,3,213,6,Lost
12029,1,30000,2681,4,1,1,411,6,Promising
12033,1,40000,8330,2,1,2,212,5,Lost
12056,1,120000,7475,2,1,5,215,8,Lost
12100,1,60000,8101,2,1,3,213,6,Lost
12121,1,60000,338,5,1,3,513,9,Potential Loyalist
12133,1,130000,225,5,1,5,515,11,Potential Loyalist
12153,1,70000,3263,4,1,4,414,9,Potential Loyalist
12192,1,60000,4912,3,1,3,313,7,Other
12195,1,70000,5343,3,1,4,314,8,Other
12205,1,130000,5280,3,1,5,315,9,Other
12207,1,80000,4584,4,1,4,414,9,Potential Loyalist
12212,1,10000,6742,3,1,1,311,5,Other
12231,1,10000,10209,1,1,1,111,3,Lost
12234,1,10000,460,5,1,1,511,7,Promising
12236,1,20000,196,5,1,1,511,7,Promising
12253,1,20000,3142,4,1,1,411,6,Promising
12273,1,30000,11024,1,1,1,111,3,Lost
12274,1,10000,3710,4,1,1,411,6,Promising
12284,1,30000,1425,5,1,1,511,7,Promising
12291,1,90000,658,5,1,5,515,11,Potential Loyalist
12332,1,90000,8922,2,1,5,215,8,Lost
12344,1,80000,6872,3,1,4,314,8,Other
12389,1,30000,1394,5,1,1,511,7,Promising
12452,1,60000,2152,5,1,3,513,9,Potential Loyalist
12472,1,30000,2875,4,1,1,411,6,Promising
12496,1,40000,5379,3,1,2,312,6,Other
12497,1,40000,5521,3,1,2,312,6,Other
12503,1,30000,10619,1,1,1,111,3,Lost
12507,1,30000,2449,4,1,1,411,6,Promising
12510,1,40000,7293,3,1,2,312,6,Other
12558,1,20000,11618,1,1,1,111,3,Lost
12568,1,30000,3941,4,1,1,411,6,Promising
12581,1,10000,1809,5,1,1,511,7,Promising
12585,1,10000,4387,4,1,1,411,6,Promising
12590,1,30000,2188,5,1,1,511,7,Promising
12591,1,30000,9496,1,1,1,111,3,Lost
12610,1,30000,3985,4,1,1,411,6,Promising
12629,1,20000,354,5,1,1,511,7,Promising
12663,1,90000,9911,1,1,5,115,7,Lost
12664,1,130000,9982,1,1,5,115,7,Lost
12666,1,60000,10471,1,1,3,113,5,Lost
12678,1,130000,7453,2,1,5,215,8,Lost
12697,1,90000,8563,2,1,5,215,8,Lost
12705,1,150000,10025,1,1,5,115,7,Lost
12716,1,30000,3881,4,1,1,411,6,Promising
12718,1,30000,10459,1,1,1,111,3,Lost
12728,1,30000,4246,4,1,1,411,6,Promising
12731,1,30000,4053,4,1,1,411,6,Promising
12744,1,40000,8750,2,1,2,212,5,Lost
12768,1,30000,11481,1,1,1,111,3,Lost
12774,1,40000,11087,1,1,2,112,4,Lost
12808,1,40000,1611,5,1,2,512,8,Promising
12821,1,40000,10846,1,1,2,112,4,Lost
12833,1,20000,4635,4,1,1,411,6,Promising
12871,1,30000,9690,1,1,1,111,3,Lost
12882,1,50000,7783,2,1,3,213,6,Lost
12922,1,60000,9609,1,1,3,113,5,Lost
12957,1,70000,4163,4,1,4,414,9,Potential Loyalist
12964,1,70000,10935,1,1,4,114,6,Lost
12993,1,60000,2793,4,1,3,413,8,Potential Loyalist
13066,1,30000,3476,4,1,1,411,6,Promising
13073,1,60000,7699,2,1,3,213,6,Lost
13082,1,130000,6257,3,1,5,315,9,Other
13089,1,120000,11855,1,1,5,115,7,Lost
13122,1,80000,51,5,1,4,514,10,Potential Loyalist
13133,1,100000,6804,3,1,5,315,9,Other
13136,1,30000,6682,3,1,1,311,5,Other
13151,1,40000,8585,2,1,2,212,5,Lost
13154,1,40000,6608,3,1,2,312,6,Other
13176,1,130000,6479,3,1,5,315,9,Other
13216,1,60000,11196,1,1,3,113,5,Lost
13233,1,60000,9249,2,1,3,213,6,Lost
13283,1,80000,11484,1,1,4,114,6,Lost
13287,1,110000,8860,2,1,5,215,8,Lost
13296,1,110000,8660,2,1,5,215,8,Lost
13313,1,120000,8784,2,1,5,215,8,Lost
13314,1,120000,11481,1,1,5,115,7,Lost
13337,1,80000,321,5,1,4,514,10,Potential Loyalist
13343,1,90000,10775,1,1,5,115,7,Lost
13351,1,70000,9254,2,1,4,214,7,Lost
13353,1,60000,6709,3,1,3,313,7,Other
13382,1,70000,6866,3,1,4,314,8,Other
13388,1,60000,5457,3,1,3,313,7,Other
13390,1,70000,11658,1,1,4,114,6,Lost
13415,1,100000,3656,4,1,5,415,10,Potential Loyalist
13453,1,130000,7982,2,1,5,215,8,Lost
13466,1,80000,5994,3,1,4,314,8,Other
13507,1,10000,9154,2,1,1,211,4,Lost
13572,1,10000,7780,2,1,1,211,4,Lost
13585,1,80000,1411,5,1,4,514,10,Potential Loyalist
13586,1,80000,1020,5,1,4,514,10,Potential Loyalist
13620,1,70000,2579,4,1,4,414,9,Potential Loyalist
13662,1,20000,8187,2,1,1,211,4,Lost
13673,1,20000,3313,4,1,1,411,6,Promising
13683,1,30000,967,5,1,1,511,7,Promising
13687,1,40000,7548,2,1,2,212,5,Lost
13690,1,20000,4461,4,1,1,411,6,Promising
13714,1,20000,8582,2,1,1,211,4,Lost
13749,1,80000,2220,5,1,4,514,10,Potential Loyalist
13754,1,80000,2731,4,1,4,414,9,Potential Loyalist
13760,1,60000,10068,1,1,3,113,5,Lost
13813,1,30000,11166,1,1,1,111,3,Lost
13826,1,30000,9724,1,1,1,111,3,Lost
13873,1,70000,7144,3,1,4,314,8,Other
13886,1,70000,6066,3,1,4,314,8,Other
13907,1,80000,4808,4,1,4,414,9,Potential Loyalist
13911,1,80000,4973,3,1,4,314,8,Other
13920,1,50000,10024,1,1,3,113,5,Lost
13934,1,40000,10566,1,1,2,112,4,Lost
13942,1,60000,8914,2,1,3,213,6,Lost
13961,1,80000,8980,2,1,4,214,7,Lost
13981,1,10000,4724,4,1,1,411,6,Promising
14032,1,70000,1721,5,1,4,514,10,Potential Loyalist
14058,1,70000,9955,1,1,4,114,6,Lost
14063,1,70000,6113,3,1,4,314,8,Other
14077,1,30000,5801,3,1,1,311,5,Other
14090,1,30000,3931,4,1,1,411,6,Promising
14092,1,30000,6167,3,1,1,311,5,Other
14135,1,20000,8987,2,1,1,211,4,Lost
14154,1,30000,4767,4,1,1,411,6,Promising
14164,1,50000,7770,2,1,3,213,6,Lost
14177,1,80000,4663,4,1,4,414,9,Potential Loyalist
14189,1,90000,1416,5,1,5,515,11,Potential Loyalist
14191,1,160000,10516,1,1,5,115,7,Lost
14192,1,90000,10947,1,1,5,115,7,Lost
14193,1,100000,7426,2,1,5,215,8,Lost
14233,1,100000,5029,3,1,5,315,9,Other
14238,1,120000,303,5,1,5,515,11,Potential Loyalist
14271,1,30000,5945,3,1,1,311,5,Other
14278,1,130000,7876,2,1,5,215,8,Lost
14284,1,60000,7305,3,1,3,313,7,Other
14312,1,60000,8364,2,1,3,213,6,Lost
14332,1,30000,4620,4,1,1,411,6,Promising
14347,1,40000,2779,4,1,2,412,7,Promising
14389,1,60000,1358,5,1,3,513,9,Potential Loyalist
14417,1,60000,7406,2,1,3,213,6,Lost
14432,1,90000,6912,3,1,5,315,9,Other
14443,1,130000,5623,3,1,5,315,9,Other
14469,1,100000,9286,2,1,5,215,8,Lost
14493,1,70000,5157,3,1,4,314,8,Other
14495,1,40000,6851,3,1,2,312,6,Other
14507,1,100000,7841,2,1,5,215,8,Lost
14514,1,30000,799,5,1,1,511,7,Promising
14517,1,20000,11879,1,1,1,111,3,Lost
14544,1,10000,3372,4,1,1,411,6,Promising
14545,1,10000,55,5,1,1,511,7,Promising
14547,1,10000,7366,2,1,1,211,4,Lost
14554,1,20000,2696,4,1,1,411,6,Promising
14569,1,60000,4276,4,1,3,413,8,Potential Loyalist
14572,1,70000,7835,2,1,4,214,7,Lost
14592,1,60000,1437,5,1,3,513,9,Potential Loyalist
14602,1,80000,9580,1,1,4,114,6,Lost
14608,1,50000,940,5,1,3,513,9,Potential Loyalist
14633,1,60000,6265,3,1,3,313,7,Other
14657,1,80000,9852,1,1,4,114,6,Lost
14662,1,60000,12026,1,1,3,113,5,Lost
14669,1,80000,5429,3,1,4,314,8,Other
14682,1,70000,6562,3,1,4,314,8,Other
14696,1,10000,6200,3,1,1,311,5,Other
14754,1,40000,7751,2,1,2,212,5,Lost
14777,1,40000,9524,1,1,2,112,4,Lost
14785,1,30000,3942,4,1,1,411,6,Promising
14791,1,40000,73,5,1,2,512,8,Promising
14798,1,10000,9625,1,1,1,111,3,Lost
14804,1,10000,7624,2,1,1,211,4,Lost
14805,1,10000,4348,4,1,1,411,6,Promising
14813,1,20000,648,5,1,1,511,7,Promising
14832,1,40000,3062,4,1,2,412,7,Promising
14865,1,40000,6208,3,1,2,312,6,Other
14872,1,30000,6272,3,1,1,311,5,Other
14883,1,30000,9122,2,1,1,211,4,Lost
14887,1,30000,5337,3,1,1,311,5,Other
14900,1,40000,6496,3,1,2,312,6,Other
14913,1,40000,8197,2,1,2,212,5,Lost
14914,1,40000,4214,4,1,2,412,7,Promising
14926,1,30000,721,5,1,1,511,7,Promising
14927,1,30000,4842,4,1,1,411,6,Promising
14939,1,40000,8024,2,1,2,212,5,Lost
15019,1,30000,2088,5,1,1,511,7,Promising
15030,1,20000,2196,5,1,1,511,7,Promising
15194,1,120000,1176,5,1,5,515,11,Potential Loyalist
15214,1,100000,11812,1,1,5,115,7,Lost
15255,1,40000,279,5,1,2,512,8,Promising
15265,1,40000,3622,4,1,2,412,7,Promising
15272,1,40000,3699,4,1,2,412,7,Promising
15275,1,40000,361,5,1,2,512,8,Promising
15287,1,50000,11675,1,1,3,113,5,Lost
15292,1,60000,9446,2,1,3,213,6,Lost
15302,1,70000,8395,2,1,4,214,7,Lost
15313,1,60000,11730,1,1,3,113,5,Lost
15319,1,70000,10993,1,1,4,114,6,Lost
15372,1,80000,8587,2,1,4,214,7,Lost
15382,1,110000,4705,4,1,5,415,10,Potential Loyalist
15412,1,130000,3760,4,1,5,415,10,Potential Loyalist
15450,1,10000,8556,2,1,1,211,4,Lost
15465,1,10000,9308,2,1,1,211,4,Lost
15468,1,50000,10412,1,1,3,113,5,Lost
15501,1,70000,8473,2,1,4,214,7,Lost
15529,1,60000,8001,2,1,3,213,6,Lost
15532,1,60000,3320,4,1,3,413,8,Potential Loyalist
15555,1,60000,5947,3,1,3,313,7,Other
15559,1,60000,2163,5,1,3,513,9,Potential Loyalist
15580,1,60000,917,5,1,3,513,9,Potential Loyalist
15608,1,30000,7966,2,1,1,211,4,Lost
15612,1,30000,10802,1,1,1,111,3,Lost
15628,1,40000,3348,4,1,2,412,7,Promising
15629,1,10000,7941,2,1,1,211,4,Lost
15657,1,30000,5993,3,1,1,311,5,Other
15665,1,30000,3423,4,1,1,411,6,Promising
15682,1,80000,4613,4,1,4,414,9,Potential Loyalist
15740,1,80000,7717,2,1,4,214,7,Lost
15749,1,70000,9061,2,1,4,214,7,Lost
15752,1,80000,4981,3,1,4,314,8,Other
15758,1,130000,796,5,1,5,515,11,Potential Loyalist
15799,1,90000,10225,1,1,5,115,7,Lost
15814,1,40000,1618,5,1,2,512,8,Promising
15822,1,40000,4561,4,1,2,412,7,Promising
15839,1,30000,11447,1,1,1,111,3,Lost
15862,1,50000,3169,4,1,3,413,8,Potential Loyalist
15879,1,70000,439,5,1,4,514,10,Potential Loyalist
15895,1,60000,4884,3,1,3,313,7,Other
15922,1,150000,9733,1,1,5,115,7,Lost
15926,1,120000,10159,1,1,5,115,7,Lost
15940,1,100000,7433,2,1,5,215,8,Lost
15982,1,110000,807,5,1,5,515,11,Potential Loyalist
16007,1,90000,4873,4,1,5,415,10,Potential Loyalist
16009,1,170000,2492,4,1,5,415,10,Potential Loyalist
16020,1,40000,641,5,1,2,512,8,Promising
16043,1,10000,8103,2,1,1,211,4,Lost
16112,1,70000,10057,1,1,4,114,6,Lost
16122,1,40000,8830,2,1,2,212,5,Lost
16144,1,70000,11506,1,1,4,114,6,Lost
16145,1,70000,5202,3,1,4,314,8,Other
16151,1,60000,2571,4,1,3,413,8,Potential Loyalist
16154,1,70000,9231,2,1,4,214,7,Lost
16163,1,60000,80,5,1,3,513,9,Potential Loyalist
16179,1,80000,8066,2,1,4,214,7,Lost
16185,1,60000,9447,2,1,3,213,6,Lost
16188,1,20000,8286,2,1,1,211,4,Lost
16200,1,10000,9857,1,1,1,111,3,Lost
16209,1,50000,5198,3,1,3,313,7,Other
16217,1,60000,5929,3,1,3,313,7,Other
16245,1,80000,2146,5,1,4,514,10,Potential Loyalist
16247,1,60000,3873,4,1,3,413,8,Potential Loyalist
16259,1,10000,6317,3,1,1,311,5,Other
16337,1,60000,6247,3,1,3,313,7,Other
16377,1,80000,4877,3,1,4,314,8,Other
16390,1,30000,12025,1,1,1,111,3,Lost
16406,1,40000,5924,3,1,2,312,6,Other
16410,1,10000,5310,3,1,1,311,5,Other
16438,1,10000,11443,1,1,1,111,3,Lost
16466,1,20000,5370,3,1,1,311,5,Other
16468,1,30000,9667,1,1,1,111,3,Lost
16487,1,30000,3231,4,1,1,411,6,Promising
16489,1,30000,4633,4,1,1,411,6,Promising
16514,1,10000,11287,1,1,1,111,3,Lost
16549,1,30000,6467,3,1,1,311,5,Other
16559,1,10000,5076,3,1,1,311,5,Other
16614,1,80000,11466,1,1,4,114,6,Lost
16651,1,120000,6700,3,1,5,315,9,Other
16675,1,160000,3729,4,1,5,415,10,Potential Loyalist
16713,1,40000,4457,4,1,2,412,7,Promising
16725,1,30000,5201,3,1,1,311,5,Other
16751,1,60000,8313,2,1,3,213,6,Lost
16753,1,70000,887,5,1,4,514,10,Potential Loyalist
16773,1,60000,10361,1,1,3,113,5,Lost
16791,1,60000,2395,5,1,3,513,9,Potential Loyalist
16795,1,70000,6890,3,1,4,314,8,Other
16813,1,60000,123,5,1,3,513,9,Potential Loyalist
16867,1,130000,1939,5,1,5,515,11,Potential Loyalist
16871,1,90000,3180,4,1,5,415,10,Potential Loyalist
16890,1,60000,5857,3,1,3,313,7,Other
16895,1,40000,11153,1,1,2,112,4,Lost
16917,1,120000,10108,1,1,5,115,7,Lost
17000,1,70000,1792,5,1,4,514,10,Potential Loyalist
17012,1,60000,7359,2,1,3,213,6,Lost
17025,1,50000,7174,3,1,3,313,7,Other
17048,1,90000,4320,4,1,5,415,10,Potential Loyalist
17185,1,170000,1238,5,1,5,515,11,Potential Loyalist
17191,1,130000,672,5,1,5,515,11,Potential Loyalist
17197,1,90000,10097,1,1,5,115,7,Lost
17203,1,130000,11400,1,1,5,115,7,Lost
17230,1,80000,2648,4,1,4,414,9,Potential Loyalist
17238,1,80000,6597,3,1,4,314,8,Other
17260,1,90000,338,5,1,5,515,11,Potential Loyalist
17269,1,60000,3006,4,1,3,413,8,Potential Loyalist
17310,1,60000,8677,2,1,3,213,6,Lost
17319,1,70000,1893,5,1,4,514,10,Potential Loyalist
17324,1,100000,4342,4,1,5,415,10,Potential Loyalist
17337,1,40000,2334,5,1,2,512,8,Promising
17352,1,50000,10231,1,1,3,113,5,Lost
17369,1,30000,6427,3,1,1,311,5,Other
17436,1,60000,1511,5,1,3,513,9,Potential Loyalist
17450,1,80000,1943,5,1,4,514,10,Potential Loyalist
17458,1,70000,9535,1,1,4,114,6,Lost
17462,1,70000,11212,1,1,4,114,6,Lost
17471,1,80000,3487,4,1,4,414,9,Potential Loyalist
17482,1,40000,4351,4,1,2,412,7,Promising
17504,1,80000,1300,5,1,4,514,10,Potential Loyalist
17519,1,60000,11480,1,1,3,113,5,Lost
17522,1,120000,5120,3,1,5,315,9,Other
17531,1,60000,8610,2,1,3,213,6,Lost
17533,1,40000,9161,2,1,2,212,5,Lost
17541,1,40000,817,5,1,2,512,8,Promising
17546,1,70000,2429,4,1,4,414,9,Potential Loyalist
17650,1,40000,9950,1,1,2,112,4,Lost
17654,1,40000,7596,2,1,2,212,5,Lost
17657,1,40000,1975,5,1,2,512,8,Promising
17668,1,30000,4167,4,1,1,411,6,Promising
17699,1,60000,10444,1,1,3,113,5,Lost
17702,1,10000,10917,1,1,1,111,3,Lost
17703,1,10000,4201,4,1,1,411,6,Promising
17754,1,30000,10980,1,1,1,111,3,Lost
17793,1,40000,10754,1,1,2,112,4,Lost
17841,1,30000,2845,4,1,1,411,6,Promising
17843,1,10000,5227,3,1,1,311,5,Other
17845,1,20000,6056,3,1,1,311,5,Other
17848,1,30000,9331,2,1,1,211,4,Lost
17858,1,40000,4601,4,1,2,412,7,Promising
17864,1,60000,3399,4,1,3,413,8,Potential Loyalist
17882,1,20000,4826,4,1,1,411,6,Promising
17891,1,10000,7794,2,1,1,211,4,Lost
17894,1,20000,10405,1,1,1,111,3,Lost
17907,1,10000,778,5,1,1,511,7,Promising
17926,1,40000,3914,4,1,2,412,7,Promising
17960,1,40000,1918,5,1,2,512,8,Promising
17964,1,40000,5226,3,1,2,312,6,Other
17978,1,40000,6025,3,1,2,312,6,Other
17994,1,20000,4795,4,1,1,411,6,Promising
18012,1,40000,1022,5,1,2,512,8,Promising
18018,1,30000,5127,3,1,1,311,5,Other
18050,1,60000,1760,5,1,3,513,9,Potential Loyalist
18052,1,60000,959,5,1,3,513,9,Potential Loyalist
18058,1,20000,2331,5,1,1,511,7,Promising
18066,1,70000,5270,3,1,4,314,8,Other
18069,1,70000,9000,2,1,4,214,7,Lost
18105,1,60000,2022,5,1,3,513,9,Potential Loyalist
18140,1,130000,11042,1,1,5,115,7,Lost
18144,1,80000,3580,4,1,4,414,9,Potential Loyalist
18145,1,80000,2059,5,1,4,514,10,Potential Loyalist
18151,1,80000,331,5,1,4,514,10,Potential Loyalist
18153,1,100000,1683,5,1,5,515,11,Potential Loyalist
18160,1,130000,2091,5,1,5,515,11,Potential Loyalist
18172,1,130000,8390,2,1,5,215,8,Lost
18253,1,80000,6577,3,1,4,314,8,Other
18267,1,60000,1919,5,1,3,513,9,Potential Loyalist
18283,1,100000,9213,2,1,5,215,8,Lost
18294,1,90000,3958,4,1,5,415,10,Potential Loyalist
18299,1,70000,10026,1,1,4,114,6,Lost
18322,1,30000,1966,5,1,1,511,7,Promising
18329,1,30000,11345,1,1,1,111,3,Lost
18347,1,30000,5986,3,1,1,311,5,Other
18363,1,40000,5400,3,1,2,312,6,Other
18390,1,80000,6163,3,1,4,314,8,Other
18391,1,80000,2970,4,1,4,414,9,Potential Loyalist
18411,1,60000,5275,3,1,3,313,7,Other
18423,1,80000,9585,1,1,4,114,6,Lost
18435,1,70000,1402,5,1,4,514,10,Potential Loyalist
18484,1,80000,924,5,1,4,514,10,Potential Loyalist
18491,1,70000,7825,2,1,4,214,7,Lost
18494,1,110000,8158,2,1,5,215,8,Lost
18504,1,70000,3123,4,1,4,414,9,Potential Loyalist
18517,1,100000,10359,1,1,5,115,7,Lost
18545,1,40000,5872,3,1,2,312,6,Other
18560,1,70000,10681,1,1,4,114,6,Lost
18572,1,60000,4625,4,1,3,413,8,Potential Loyalist
18577,1,60000,3259,4,1,3,413,8,Potential Loyalist
18580,1,60000,9619,1,1,3,113,5,Lost
18594,1,80000,7766,2,1,4,214,7,Lost
18607,1,60000,9440,2,1,3,213,6,Lost
18613,1,70000,9365,2,1,4,214,7,Lost
18626,1,40000,10061,1,1,2,112,4,Lost
18649,1,30000,10756,1,1,1,111,3,Lost
18674,1,80000,10807,1,1,4,114,6,Lost
18711,1,70000,2537,4,1,4,414,9,Potential Loyalist
18740,1,80000,3412,4,1,4,414,9,Potential Loyalist
18752,1,40000,7972,2,1,2,212,5,Lost
18783,1,80000,3683,4,1,4,414,9,Potential Loyalist
18847,1,60000,1170,5,1,3,513,9,Potential Loyalist
18858,1,60000,10507,1,1,3,113,5,Lost
18891,1,40000,7664,2,1,2,212,5,Lost
18910,1,30000,1868,5,1,1,511,7,Promising
18935,1,130000,11312,1,1,5,115,7,Lost
18949,1,70000,1649,5,1,4,514,10,Potential Loyalist
18952,1,100000,8686,2,1,5,215,8,Lost
18976,1,40000,9402,2,1,2,212,5,Lost
19002,1,60000,10072,1,1,3,113,5,Lost
19012,1,80000,6856,3,1,4,314,8,Other
19057,1,120000,11801,1,1,5,115,7,Lost
19066,1,130000,11058,1,1,5,115,7,Lost
19117,1,60000,10572,1,1,3,113,5,Lost
19133,1,50000,801,5,1,3,513,9,Potential Loyalist
19143,1,80000,7492,2,1,4,214,7,Lost
19147,1,40000,11578,1,1,2,112,4,Lost
19163,1,70000,5581,3,1,4,314,8,Other
19164,1,70000,12000,1,1,4,114,6,Lost
19174,1,30000,7479,2,1,1,211,4,Lost
19183,1,10000,355,5,1,1,511,7,Promising
19193,1,40000,6434,3,1,2,312,6,Other
19217,1,30000,129,5,1,1,511,7,Promising
19223,1,30000,5691,3,1,1,311,5,Other
19228,1,40000,6886,3,1,2,312,6,Other
19235,1,50000,1340,5,1,3,513,9,Potential Loyalist
19255,1,10000,10396,1,1,1,111,3,Lost
19273,1,20000,8100,2,1,1,211,4,Lost
19280,1,120000,11938,1,1,5,115,7,Lost
19291,1,10000,11517,1,1,1,111,3,Lost
19299,1,50000,7675,2,1,3,213,6,Lost
19305,1,10000,11333,1,1,1,111,3,Lost
19331,1,20000,2851,4,1,1,411,6,Promising
19364,1,40000,551,5,1,2,512,8,Promising
19389,1,30000,7796,2,1,1,211,4,Lost
19399,1,40000,7137,3,1,2,312,6,Other
19413,1,60000,1041,5,1,3,513,9,Potential Loyalist
19441,1,40000,8064,2,1,2,212,5,Lost
19442,1,50000,12018,1,1,3,113,5,Lost
19445,1,10000,1515,5,1,1,511,7,Promising
19461,1,10000,3420,4,1,1,411,6,Promising
19475,1,40000,4538,4,1,2,412,7,Promising
19477,1,40000,10425,1,1,2,112,4,Lost
19482,1,30000,3645,4,1,1,411,6,Promising
19487,1,30000,8705,2,1,1,211,4,Lost
19491,1,30000,7287,3,1,1,311,5,Other
19508,1,10000,1366,5,1,1,511,7,Promising
19543,1,70000,5412,3,1,4,314,8,Other
19562,1,60000,8537,2,1,3,213,6,Lost
19608,1,80000,7297,3,1,4,314,8,Other
19618,1,70000,4042,4,1,4,414,9,Potential Loyalist
19626,1,70000,6366,3,1,4,314,8,Other
19634,1,40000,9221,2,1,2,212,5,Lost
19650,1,30000,11090,1,1,1,111,3,Lost
19660,1,80000,1880,5,1,4,514,10,Potential Loyalist
19661,1,90000,1064,5,1,5,515,11,Potential Loyalist
19664,1,100000,2877,4,1,5,415,10,Potential Loyalist
19675,1,20000,189,5,1,1,511,7,Promising
19731,1,80000,6573,3,1,4,314,8,Other
19741,1,80000,11255,1,1,4,114,6,Lost
19747,1,50000,6548,3,1,3,313,7,Other
19748,1,20000,9276,2,1,1,211,4,Lost
19758,1,60000,10413,1,1,3,113,5,Lost
19784,1,80000,7843,2,1,4,214,7,Lost
19812,1,70000,11341,1,1,4,114,6,Lost
19856,1,60000,8052,2,1,3,213,6,Lost
19884,1,60000,6847,3,1,3,313,7,Other
19889,1,70000,2052,5,1,4,514,10,Potential Loyalist
19914,1,80000,8261,2,1,4,214,7,Lost
20000,1,60000,3646,4,1,3,413,8,Potential Loyalist
20053,1,40000,1763,5,1,2,512,8,Promising
20060,1,30000,10998,1,1,1,111,3,Lost
20076,1,10000,562,5,1,1,511,7,Promising
20084,1,20000,2319,5,1,1,511,7,Promising
20147,1,30000,1070,5,1,1,511,7,Promising
20171,1,20000,11047,1,1,1,111,3,Lost
20196,1,60000,4287,4,1,3,413,8,Potential Loyalist
20228,1,100000,1643,5,1,5,515,11,Potential Loyalist
20236,1,60000,2567,4,1,3,413,8,Potential Loyalist
20277,1,30000,8158,2,1,1,211,4,Lost
20296,1,60000,6599,3,1,3,313,7,Other
20310,1,60000,11713,1,1,3,113,5,Lost
20339,1,130000,8965,2,1,5,215,8,Lost
20343,1,90000,2570,4,1,5,415,10,Potential Loyalist
20361,1,50000,5705,3,1,3,313,7,Other
20370,1,70000,4030,4,1,4,414,9,Potential Loyalist
20376,1,70000,10461,1,1,4,114,6,Lost
20380,1,60000,8877,2,1,3,213,6,Lost
20401,1,50000,4740,4,1,3,413,8,Potential Loyalist
20414,1,60000,11060,1,1,3,113,5,Lost
20417,1,30000,9167,2,1,1,211,4,Lost
20421,1,40000,7073,3,1,2,312,6,Other
20430,1,70000,9189,2,1,4,214,7,Lost
20504,1,40000,3741,4,1,2,412,7,Promising
20505,1,40000,2592,4,1,2,412,7,Promising
20514,1,70000,5986,3,1,4,314,8,Other
20518,1,70000,1796,5,1,4,514,10,Potential Loyalist
20528,1,40000,325,5,1,2,512,8,Promising
20535,1,70000,2791,4,1,4,414,9,Potential Loyalist
20567,1,130000,6700,3,1,5,315,9,Other
20598,1,100000,829,5,1,5,515,11,Potential Loyalist
20606,1,70000,979,5,1,4,514,10,Potential Loyalist
20619,1,80000,975,5,1,4,514,10,Potential Loyalist
20625,1,100000,380,5,1,5,515,11,Potential Loyalist
20657,1,50000,8773,2,1,3,213,6,Lost
20659,1,70000,5144,3,1,4,314,8,Other
20678,1,60000,2078,5,1,3,513,9,Potential Loyalist
20698,1,60000,11005,1,1,3,113,5,Lost
20711,1,40000,6526,3,1,2,312,6,Other
20729,1,40000,5033,3,1,2,312,6,Other
20754,1,30000,9358,2,1,1,211,4,Lost
20758,1,30000,11135,1,1,1,111,3,Lost
20797,1,10000,6933,3,1,1,311,5,Other
20828,1,30000,400,5,1,1,511,7,Promising
20839,1,30000,4420,4,1,1,411,6,Promising
20851,1,20000,269,5,1,1,511,7,Promising
20870,1,10000,166,5,1,1,511,7,Promising
20877,1,30000,4319,4,1,1,411,6,Promising
20897,1,30000,9309,2,1,1,211,4,Lost
20919,1,30000,10990,1,1,1,111,3,Lost
20923,1,40000,2663,4,1,2,412,7,Promising
20927,1,20000,3756,4,1,1,411,6,Promising
20942,1,20000,6626,3,1,1,311,5,Other
20946,1,30000,1783,5,1,1,511,7,Promising
20962,1,20000,457,5,1,1,511,7,Promising
20970,1,10000,1773,5,1,1,511,7,Promising
20974,1,10000,5481,3,1,1,311,5,Other
20977,1,20000,451,5,1,1,511,7,Promising
20994,1,20000,4973,3,1,1,311,5,Other
21006,1,30000,10399,1,1,1,111,3,Lost
21039,1,50000,6772,3,1,3,313,7,Other
21094,1,30000,7122,3,1,1,311,5,Other
21108,1,40000,528,5,1,2,512,8,Promising
21184,1,70000,6079,3,1,4,314,8,Other
21207,1,60000,7570,2,1,3,213,6,Lost
21213,1,70000,2303,5,1,4,514,10,Potential Loyalist
21260,1,40000,5172,3,1,2,312,6,Other
21266,1,80000,1747,5,1,4,514,10,Potential Loyalist
21306,1,60000,11471,1,1,3,113,5,Lost
21365,1,10000,4626,4,1,1,411,6,Promising
21375,1,20000,8543,2,1,1,211,4,Lost
21417,1,60000,7411,2,1,3,213,6,Lost
21441,1,50000,6250,3,1,3,313,7,Other
21451,1,40000,9796,1,1,2,112,4,Lost
21471,1,70000,4450,4,1,4,414,9,Potential Loyalist
21554,1,80000,1164,5,1,4,514,10,Potential Loyalist
21557,1,110000,11548,1,1,5,115,7,Lost
21560,1,120000,8627,2,1,5,215,8,Lost
21561,1,90000,6694,3,1,5,315,9,Other
21564,1,80000,3355,4,1,4,414,9,Potential Loyalist
21568,1,100000,5729,3,1,5,315,9,Other
21583,1,50000,8873,2,1,3,213,6,Lost
21587,1,60000,8549,2,1,3,213,6,Lost
21599,1,60000,1130,5,1,3,513,9,Potential Loyalist
21613,1,50000,7912,2,1,3,213,6,Lost
21660,1,60000,11562,1,1,3,113,5,Lost
21693,1,60000,2905,4,1,3,413,8,Potential Loyalist
21695,1,60000,6864,3,1,3,313,7,Other
21713,1,80000,1037,5,1,4,514,10,Potential Loyalist
21714,1,80000,4460,4,1,4,414,9,Potential Loyalist
21717,1,40000,8943,2,1,2,212,5,Lost
21738,1,20000,4355,4,1,1,411,6,Promising
21741,1,70000,11345,1,1,4,114,6,Lost
21751,1,60000,5653,3,1,3,313,7,Other
21752,1,60000,9132,2,1,3,213,6,Lost
21770,1,60000,1962,5,1,3,513,9,Potential Loyalist
21801,1,70000,4089,4,1,4,414,9,Potential Loyalist
21891,1,110000,4180,4,1,5,415,10,Potential Loyalist
21940,1,90000,11572,1,1,5,115,7,Lost
21974,1,70000,5883,3,1,4,314,8,Other
21980,1,60000,7985,2,1,3,213,6,Lost
22005,1,70000,9496,1,1,4,114,6,Lost
22006,1,70000,6231,3,1,4,314,8,Other
22010,1,40000,2378,5,1,2,512,8,Promising
22014,1,30000,5768,3,1,1,311,5,Other
22042,1,70000,9774,1,1,4,114,6,Lost
22046,1,80000,6231,3,1,4,314,8,Other
22050,1,90000,8580,2,1,5,215,8,Lost
22088,1,130000,11249,1,1,5,115,7,Lost
22118,1,70000,9004,2,1,4,214,7,Lost
22127,1,60000,7193,3,1,3,313,7,Other
22155,1,20000,8696,2,1,1,211,4,Lost
22170,1,30000,8000,2,1,1,211,4,Lost
22173,1,30000,9726,1,1,1,111,3,Lost
22174,1,30000,5285,3,1,1,311,5,Other
22175,1,30000,2515,4,1,1,411,6,Promising
22204,1,110000,4776,4,1,5,415,10,Potential Loyalist
22211,1,60000,11963,1,1,3,113,5,Lost
22219,1,60000,4147,4,1,3,413,8,Potential Loyalist
22220,1,60000,9228,2,1,3,213,6,Lost
22221,1,60000,5795,3,1,3,313,7,Other
22227,1,60000,3609,4,1,3,413,8,Potential Loyalist
22252,1,60000,5055,3,1,3,313,7,Other
22294,1,70000,8165,2,1,4,214,7,Lost
22296,1,70000,8614,2,1,4,214,7,Lost
22330,1,50000,3713,4,1,3,413,8,Potential Loyalist
22381,1,10000,11656,1,1,1,111,3,Lost
22399,1,10000,4211,4,1,1,411,6,Promising
22400,1,10000,6369,3,1,1,311,5,Other
22402,1,10000,11849,1,1,1,111,3,Lost
22439,1,30000,1808,5,1,1,511,7,Promising
22464,1,40000,6948,3,1,2,312,6,Other
22496,1,30000,6014,3,1,1,311,5,Other
22500,1,40000,4920,3,1,2,312,6,Other
22518,1,30000,6587,3,1,1,311,5,Other
22527,1,20000,9459,2,1,1,211,4,Lost
22538,1,10000,230,5,1,1,511,7,Promising
22610,1,30000,4263,4,1,1,411,6,Promising
22633,1,40000,8087,2,1,2,212,5,Lost
22634,1,40000,6915,3,1,2,312,6,Other
22636,1,40000,3624,4,1,2,412,7,Promising
22672,1,30000,9043,2,1,1,211,4,Lost
22707,1,30000,11051,1,1,1,111,3,Lost
22719,1,110000,2224,5,1,5,515,11,Potential Loyalist
22730,1,70000,9087,2,1,4,214,7,Lost
22743,1,40000,2487,4,1,2,412,7,Promising
22821,1,130000,2254,5,1,5,515,11,Potential Loyalist
22830,1,120000,4658,4,1,5,415,10,Potential Loyalist
22864,1,90000,7019,3,1,5,315,9,Other
22918,1,80000,2071,5,1,4,514,10,Potential Loyalist
22930,1,90000,2557,4,1,5,415,10,Potential Loyalist
22931,1,100000,6057,3,1,5,315,9,Other
22936,1,60000,1284,5,1,3,513,9,Potential Loyalist
22971,1,30000,1016,5,1,1,511,7,Promising
22974,1,30000,4833,4,1,1,411,6,Promising
22976,1,40000,7529,2,1,2,212,5,Lost
22983,1,30000,3897,4,1,1,411,6,Promising
22988,1,40000,7819,2,1,2,212,5,Lost
22994,1,80000,6283,3,1,4,314,8,Other
23027,1,130000,5414,3,1,5,315,9,Other
23041,1,70000,3903,4,1,4,414,9,Potential Loyalist
23089,1,40000,2637,4,1,2,412,7,Promising
23105,1,40000,6058,3,1,2,312,6,Other
23144,1,50000,6377,3,1,3,313,7,Other
23158,1,60000,3898,4,1,3,413,8,Potential Loyalist
23195,1,50000,1976,5,1,3,513,9,Potential Loyalist
23197,1,50000,8163,2,1,3,213,6,Lost
23200,1,50000,7728,2,1,3,213,6,Lost
23217,1,60000,9468,2,1,3,213,6,Lost
23248,1,10000,9027,2,1,1,211,4,Lost
23256,1,30000,3092,4,1,1,411,6,Promising
23275,1,30000,7246,3,1,1,311,5,Other
23316,1,30000,11417,1,1,1,111,3,Lost
23333,1,40000,5798,3,1,2,312,6,Other
23358,1,60000,6249,3,1,3,313,7,Other
23368,1,60000,2629,4,1,3,413,8,Potential Loyalist
23376,1,70000,2435,4,1,4,414,9,Potential Loyalist
23378,1,70000,9332,2,1,4,214,7,Lost
23419,1,70000,11723,1,1,4,114,6,Lost
23426,1,80000,7959,2,1,4,214,7,Lost
23432,1,70000,6144,3,1,4,314,8,Other
23449,1,60000,9591,1,1,3,113,5,Lost
23455,1,80000,413,5,1,4,514,10,Potential Loyalist
23459,1,60000,4514,4,1,3,413,8,Potential Loyalist
23461,1,90000,4962,3,1,5,315,9,Other
23479,1,90000,6936,3,1,5,315,9,Other
23491,1,100000,10658,1,1,5,115,7,Lost
23513,1,40000,3375,4,1,2,412,7,Promising
23542,1,60000,8695,2,1,3,213,6,Lost
23549,1,30000,504,5,1,1,511,7,Promising
23571,1,40000,44,5,1,2,512,8,Promising
23586,1,80000,4291,4,1,4,414,9,Potential Loyalist
23608,1,150000,11329,1,1,5,115,7,Lost
23627,1,100000,7245,3,1,5,315,9,Other
23668,1,40000,129,5,1,2,512,8,Promising
23672,1,60000,6737,3,1,3,313,7,Other
23704,1,40000,9708,1,1,2,112,4,Lost
23707,1,70000,8441,2,1,4,214,7,Lost
23712,1,70000,6947,3,1,4,314,8,Other
23731,1,60000,2643,4,1,3,413,8,Potential Loyalist
23780,1,40000,7988,2,1,2,212,5,Lost
23797,1,20000,5089,3,1,1,311,5,Other
23801,1,20000,4830,4,1,1,411,6,Promising
23818,1,50000,1024,5,1,3,513,9,Potential Loyalist
23882,1,80000,606,5,1,4,514,10,Potential Loyalist
23893,1,50000,2922,4,1,3,413,8,Potential Loyalist
23908,1,30000,7624,2,1,1,211,4,Lost
23915,1,20000,6300,3,1,1,311,5,Other
23940,1,40000,2151,5,1,2,512,8,Promising
23962,1,10000,8901,2,1,1,211,4,Lost
23963,1,10000,8208,2,1,1,211,4,Lost
23979,1,10000,3236,4,1,1,411,6,Promising
23986,1,20000,6900,3,1,1,311,5,Other
23993,1,10000,9972,1,1,1,111,3,Lost
24061,1,10000,7970,2,1,1,211,4,Lost
24065,1,20000,11934,1,1,1,111,3,Lost
24093,1,80000,4611,4,1,4,414,9,Potential Loyalist
24107,1,30000,9468,2,1,1,211,4,Lost
24119,1,30000,2207,5,1,1,511,7,Promising
24121,1,30000,10291,1,1,1,111,3,Lost
24140,1,10000,7217,3,1,1,311,5,Other
24149,1,10000,1539,5,1,1,511,7,Promising
24151,1,20000,2190,5,1,1,511,7,Promising
24174,1,20000,10159,1,1,1,111,3,Lost
24185,1,10000,11664,1,1,1,111,3,Lost
24187,1,30000,5026,3,1,1,311,5,Other
24201,1,10000,7068,3,1,1,311,5,Other
24273,1,20000,7362,2,1,1,211,4,Lost
24279,1,40000,5394,3,1,2,312,6,Other
24305,1,100000,1051,5,1,5,515,11,Potential Loyalist
24322,1,60000,1,5,1,3,513,9,Potential Loyalist
24324,1,60000,1957,5,1,3,513,9,Potential Loyalist
24357,1,80000,7933,2,1,4,214,7,Lost
24369,1,80000,7500,2,1,4,214,7,Lost
24381,1,70000,10886,1,1,4,114,6,Lost
24397,1,120000,919,5,1,5,515,11,Potential Loyalist
24398,1,130000,10050,1,1,5,115,7,Lost
24416,1,90000,2646,4,1,5,415,10,Potential Loyalist
24433,1,70000,395,5,1,4,514,10,Potential Loyalist
24466,1,60000,7468,2,1,3,213,6,Lost
24485,1,40000,7973,2,1,2,212,5,Lost
24496,1,40000,1884,5,1,2,512,8,Promising
24514,1,40000,3552,4,1,2,412,7,Promising
24584,1,60000,10121,1,1,3,113,5,Lost
24611,1,90000,7478,2,1,5,215,8,Lost
24637,1,40000,489,5,1,2,512,8,Promising
24643,1,60000,384,5,1,3,513,9,Potential Loyalist
24725,1,40000,9648,1,1,2,112,4,Lost
24738,1,40000,6535,3,1,2,312,6,Other
24745,1,30000,10505,1,1,1,111,3,Lost
24801,1,60000,1241,5,1,3,513,9,Potential Loyalist
24842,1,90000,2592,4,1,5,415,10,Potential Loyalist
24857,1,130000,5873,3,1,5,315,9,Other
24871,1,90000,12,5,1,5,515,11,Potential Loyalist
24898,1,80000,9929,1,1,4,114,6,Lost
24901,1,110000,11733,1,1,5,115,7,Lost
24941,1,60000,3540,4,1,3,413,8,Potential Loyalist
24943,1,60000,9557,1,1,3,113,5,Lost
24955,1,30000,20,5,1,1,511,7,Promising
24958,1,40000,7742,2,1,2,212,5,Lost
24979,1,60000,6759,3,1,3,313,7,Other
24981,1,60000,9468,2,1,3,213,6,Lost
25006,1,30000,6963,3,1,1,311,5,Other
25026,1,20000,8589,2,1,1,211,4,Lost
25041,1,40000,11327,1,1,2,112,4,Lost
25058,1,100000,8440,2,1,5,215,8,Lost
25065,1,70000,11850,1,1,4,114,6,Lost
25074,1,70000,8813,2,1,4,214,7,Lost
25101,1,60000,2754,4,1,3,413,8,Potential Loyalist
25148,1,60000,5332,3,1,3,313,7,Other
25184,1,110000,3698,4,1,5,415,10,Potential Loyalist
25241,1,90000,1959,5,1,5,515,11,Potential Loyalist
25261,1,40000,10878,1,1,2,112,4,Lost
25266,1,30000,999,5,1,1,511,7,Promising
25293,1,80000,9071,2,1,4,214,7,Lost
25303,1,30000,307,5,1,1,511,7,Promising
25307,1,40000,5612,3,1,2,312,6,Other
25313,1,10000,7770,2,1,1,211,4,Lost
25323,1,40000,4852,4,1,2,412,7,Promising
25329,1,40000,11064,1,1,2,112,4,Lost
25343,1,20000,2774,4,1,1,411,6,Promising
25347,1,20000,7401,2,1,1,211,4,Lost
25375,1,50000,6120,3,1,3,313,7,Other
25394,1,60000,2185,5,1,3,513,9,Potential Loyalist
25405,1,70000,8993,2,1,4,214,7,Lost
25419,1,50000,7111,3,1,3,313,7,Other
25458,1,20000,8722,2,1,1,211,4,Lost
25460,1,20000,6293,3,1,1,311,5,Other
25502,1,40000,12030,1,1,2,112,4,Lost
25512,1,20000,3036,4,1,1,411,6,Promising
25529,1,10000,5000,3,1,1,311,5,Other
25553,1,30000,4169,4,1,1,411,6,Promising
25555,1,10000,11967,1,1,1,111,3,Lost
25559,1,20000,2633,4,1,1,411,6,Promising
25597,1,30000,7090,3,1,1,311,5,Other
25598,1,40000,5571,3,1,2,312,6,Other
25605,1,20000,8969,2,1,1,211,4,Lost
25649,1,30000,5349,3,1,1,311,5,Other
25651,1,40000,8253,2,1,2,212,5,Lost
25665,1,20000,5671,3,1,1,311,5,Other
25681,1,30000,4059,4,1,1,411,6,Promising
25693,1,30000,474,5,1,1,511,7,Promising
25752,1,20000,5708,3,1,1,311,5,Other
25792,1,110000,8092,2,1,5,215,8,Lost
25872,1,70000,4687,4,1,4,414,9,Potential Loyalist
25886,1,60000,8197,2,1,3,213,6,Lost
25898,1,70000,6797,3,1,4,314,8,Other
25899,1,70000,10400,1,1,4,114,6,Lost
25906,1,10000,10905,1,1,1,111,3,Lost
25908,1,60000,2307,5,1,3,513,9,Potential Loyalist
25909,1,60000,5494,3,1,3,313,7,Other
25918,1,30000,6000,3,1,1,311,5,Other
25923,1,10000,7306,2,1,1,211,4,Lost
25940,1,20000,1526,5,1,1,511,7,Promising
25943,1,70000,4766,4,1,4,414,9,Potential Loyalist
25954,1,60000,4650,4,1,3,413,8,Potential Loyalist
25970,1,60000,4024,4,1,3,413,8,Potential Loyalist
25983,1,70000,8735,2,1,4,214,7,Lost
26012,1,80000,10306,1,1,4,114,6,Lost
26032,1,70000,743,5,1,4,514,10,Potential Loyalist
26065,1,110000,4629,4,1,5,415,10,Potential Loyalist
26139,1,60000,5999,3,1,3,313,7,Other
26150,1,70000,464,5,1,4,514,10,Potential Loyalist
26154,1,60000,4283,4,1,3,413,8,Potential Loyalist
26167,1,40000,6466,3,1,2,312,6,Other
26219,1,40000,2885,4,1,2,412,7,Promising
26236,1,40000,10986,1,1,2,112,4,Lost
26238,1,40000,9196,2,1,2,212,5,Lost
26248,1,20000,7671,2,1,1,211,4,Lost
26270,1,20000,9638,1,1,1,111,3,Lost
26298,1,50000,11354,1,1,3,113,5,Lost
26305,1,60000,5098,3,1,3,313,7,Other
26327,1,70000,6905,3,1,4,314,8,Other
26341,1,70000,956,5,1,4,514,10,Potential Loyalist
26354,1,40000,3220,4,1,2,412,7,Promising
26385,1,120000,1950,5,1,5,515,11,Potential Loyalist
26412,1,80000,2223,5,1,4,514,10,Potential Loyalist
26415,1,90000,2480,4,1,5,415,10,Potential Loyalist
26452,1,50000,1694,5,1,3,513,9,Potential Loyalist
26490,1,70000,11764,1,1,4,114,6,Lost
26495,1,40000,3079,4,1,2,412,7,Promising
26547,1,30000,5257,3,1,1,311,5,Other
26575,1,40000,1732,5,1,2,512,8,Promising
26576,1,60000,2479,4,1,3,413,8,Potential Loyalist
26582,1,60000,7810,2,1,3,213,6,Lost
26597,1,60000,4193,4,1,3,413,8,Potential Loyalist
26625,1,60000,8348,2,1,3,213,6,Lost
26651,1,80000,9142,2,1,4,214,7,Lost
26654,1,90000,1323,5,1,5,515,11,Potential Loyalist
26663,1,60000,3221,4,1,3,413,8,Potential Loyalist
26678,1,80000,11133,1,1,4,114,6,Lost
26693,1,70000,10723,1,1,4,114,6,Lost
26728,1,70000,7232,3,1,4,314,8,Other
26757,1,90000,4371,4,1,5,415,10,Potential Loyalist
26765,1,70000,3717,4,1,4,414,9,Potential Loyalist
26778,1,40000,11610,1,1,2,112,4,Lost
26796,1,40000,7278,3,1,2,312,6,Other
26818,1,10000,6684,3,1,1,311,5,Other
26829,1,40000,11033,1,1,2,112,4,Lost
26849,1,10000,10446,1,1,1,111,3,Lost
26852,1,20000,4173,4,1,1,411,6,Promising
26863,1,20000,2977,4,1,1,411,6,Promising
26879,1,20000,10785,1,1,1,111,3,Lost
26886,1,30000,5901,3,1,1,311,5,Other
26928,1,30000,5539,3,1,1,311,5,Other
26941,1,30000,2598,4,1,1,411,6,Promising
26944,1,90000,10848,1,1,5,115,7,Lost
26956,1,20000,2657,4,1,1,411,6,Promising
26984,1,40000,1532,5,1,2,512,8,Promising
27040,1,20000,9075,2,1,1,211,4,Lost
27074,1,70000,11353,1,1,4,114,6,Lost
27090,1,60000,11927,1,1,3,113,5,Lost
27165,1,20000,10856,1,1,1,111,3,Lost
27169,1,30000,2002,5,1,1,511,7,Promising
27183,1,40000,11800,1,1,2,112,4,Lost
27184,1,40000,11388,1,1,2,112,4,Lost
27190,1,40000,11523,1,1,2,112,4,Lost
27198,1,80000,9739,1,1,4,114,6,Lost
27218,1,20000,5941,3,1,1,311,5,Other
27261,1,40000,6905,3,1,2,312,6,Other
27273,1,70000,9589,1,1,4,114,6,Lost
27279,1,70000,8747,2,1,4,214,7,Lost
27304,1,110000,971,5,1,5,515,11,Potential Loyalist
27388,1,60000,5851,3,1,3,313,7,Other
27393,1,50000,7373,2,1,3,213,6,Lost
27434,1,70000,7598,2,1,4,214,7,Lost
27441,1,60000,2418,4,1,3,413,8,Potential Loyalist
27494,1,40000,2343,5,1,2,512,8,Promising
27505,1,40000,8895,2,1,2,212,5,Lost
27540,1,70000,6898,3,1,4,314,8,Other
27582,1,90000,9332,2,1,5,215,8,Lost
27585,1,90000,3999,4,1,5,415,10,Potential Loyalist
27637,1,100000,2331,5,1,5,515,11,Potential Loyalist
27638,1,100000,4687,4,1,5,415,10,Potential Loyalist
27643,1,70000,9162,2,1,4,214,7,Lost
27650,1,70000,6957,3,1,4,314,8,Other
27660,1,80000,1930,5,1,4,514,10,Potential Loyalist
27673,1,60000,7859,2,1,3,213,6,Lost
27696,1,60000,7131,3,1,3,313,7,Other
27731,1,40000,4521,4,1,2,412,7,Promising
27740,1,40000,11856,1,1,2,112,4,Lost
27745,1,40000,4155,4,1,2,412,7,Promising
27753,1,40000,10245,1,1,2,112,4,Lost
27756,1,50000,1644,5,1,3,513,9,Potential Loyalist
27760,1,40000,544,5,1,2,512,8,Promising
27771,1,30000,8432,2,1,1,211,4,Lost
27775,1,40000,10277,1,1,2,112,4,Lost
27803,1,30000,11431,1,1,1,111,3,Lost
27814,1,30000,3361,4,1,1,411,6,Promising
27824,1,30000,11454,1,1,1,111,3,Lost
27832,1,30000,3037,4,1,1,411,6,Promising
27835,1,20000,11463,1,1,1,111,3,Lost
27878,1,20000,2230,5,1,1,511,7,Promising
27941,1,80000,1586,5,1,4,514,10,Potential Loyalist
27951,1,80000,10410,1,1,4,114,6,Lost
27969,1,80000,1385,5,1,4,514,10,Potential Loyalist
27974,1,160000,9488,1,1,5,115,7,Lost
27994,1,40000,4378,4,1,2,412,7,Promising
28004,1,60000,8755,2,1,3,213,6,Lost
28026,1,40000,1274,5,1,2,512,8,Promising
28031,1,70000,4339,4,1,4,414,9,Potential Loyalist
28043,1,60000,2053,5,1,3,513,9,Potential Loyalist
28052,1,60000,5038,3,1,3,313,7,Other
28056,1,70000,171,5,1,4,514,10,Potential Loyalist
28066,1,80000,2438,4,1,4,414,9,Potential Loyalist
28068,1,80000,2311,5,1,4,514,10,Potential Loyalist
28087,1,40000,1777,5,1,2,512,8,Promising
28090,1,40000,4374,4,1,2,412,7,Promising
28102,1,20000,3774,4,1,1,411,6,Promising
28192,1,70000,339,5,1,4,514,10,Potential Loyalist
28207,1,80000,81,5,1,4,514,10,Potential Loyalist
28228,1,80000,212,5,1,4,514,10,Potential Loyalist
28269,1,130000,10954,1,1,5,115,7,Lost
28278,1,50000,6318,3,1,3,313,7,Other
28319,1,60000,8915,2,1,3,213,6,Lost
28323,1,70000,11065,1,1,4,114,6,Lost
28379,1,30000,9073,2,1,1,211,4,Lost
28380,1,10000,5329,3,1,1,311,5,Other
28395,1,40000,4925,3,1,2,312,6,Other
28412,1,20000,7715,2,1,1,211,4,Lost
28436,1,30000,3794,4,1,1,411,6,Promising
28468,1,10000,960,5,1,1,511,7,Promising
28488,1,20000,2697,4,1,1,411,6,Promising
28521,1,40000,7156,3,1,2,312,6,Other
28564,1,40000,2922,4,1,2,412,7,Promising
28580,1,80000,3667,4,1,4,414,9,Potential Loyalist
28609,1,30000,10342,1,1,1,111,3,Lost
28625,1,40000,4097,4,1,2,412,7,Promising
28657,1,60000,5620,3,1,3,313,7,Other
28667,1,70000,2120,5,1,4,514,10,Potential Loyalist
28672,1,70000,6543,3,1,4,314,8,Other
28683,1,10000,7995,2,1,1,211,4,Lost
28729,1,20000,11953,1,1,1,111,3,Lost
28758,1,40000,5206,3,1,2,312,6,Other
28799,1,40000,4876,3,1,2,312,6,Other
28815,1,50000,2094,5,1,3,513,9,Potential Loyalist
28858,1,80000,9492,1,1,4,114,6,Lost
28906,1,80000,7808,2,1,4,214,7,Lost
28915,1,80000,253,5,1,4,514,10,Potential Loyalist
28918,1,130000,821,5,1,5,515,11,Potential Loyalist
28957,1,120000,2234,5,1,5,515,11,Potential Loyalist
28972,1,60000,3010,4,1,3,413,8,Potential Loyalist
28997,1,40000,5212,3,1,2,312,6,Other
29030,1,70000,1956,5,1,4,514,10,Potential Loyalist
29037,1,60000,5886,3,1,3,313,7,Other
29048,1,110000,8206,2,1,5,215,8,Lost
29052,1,40000,2870,4,1,2,412,7,Promising
29094,1,30000,6710,3,1,1,311,5,Other
29097,1,40000,346,5,1,2,512,8,Promising
29106,1,40000,1613,5,1,2,512,8,Promising
29112,1,60000,7495,2,1,3,213,6,Lost
29117,1,100000,2230,5,1,5,515,11,Potential Loyalist
29120,1,100000,10603,1,1,5,115,7,Lost
29132,1,40000,8602,2,1,2,212,5,Lost
29133,1,60000,1555,5,1,3,513,9,Potential Loyalist
29134,1,60000,7568,2,1,3,213,6,Lost
29143,1,60000,9292,2,1,3,213,6,Lost
29181,1,60000,8162,2,1,3,213,6,Lost
29191,1,130000,8295,2,1,5,215,8,Lost
29231,1,80000,10623,1,1,4,114,6,Lost
29237,1,120000,8953,2,1,5,215,8,Lost
29243,1,110000,2642,4,1,5,415,10,Potential Loyalist
29255,1,80000,5980,3,1,4,314,8,Other
29298,1,60000,1700,5,1,3,513,9,Potential Loyalist
29301,1,80000,8989,2,1,4,214,7,Lost
29337,1,30000,534,5,1,1,511,7,Promising
29355,1,40000,1371,5,1,2,512,8,Promising
29380,1,20000,6115,3,1,1,311,5,Other
29424,1,10000,5190,3,1,1,311,5,Other
29447,1,10000,6910,3,1,1,311,5,Other
